<?xml version="1.0" encoding="UTF-8" ?>
<config>
 <updateHandler class="solr.DirectUpdateHandler2" />
 <requestDispatcher handleSelect="true" >
  <requestParsers enableRemoteStreaming="false" multipartUploadLimitInKB="2048" />
 </requestDispatcher>
 <requestHandler name="standard" class="solr.StandardRequestHandler" default="true" />
 <requestHandler name="/update" class="solr.XmlUpdateRequestHandler" />
 <requestHandler name="/admin/" class="org.apache.solr.handler.admin.AdminHandlers" />
 <admin>
  <defaultQuery>solr</defaultQuery>
 </admin>
</config>
